x,0,1,2,3,4,5,6,7,8,9,10,11,12,13,14,15,16,17,18,19,20,21,22,23,24,25,26,27,28,29,30,31,32,33,34,35,36,37,38,39,40,41,42,43,44,45,46,47,48,49,50,51,52,53,54,55,56,57,58,59,60,61,62,63,64,65,66,67,68,69,70,71,72,73,74,75,76,77,78,79,80,81,82,83,84,85,86,87,88,89,90,91,92,93,94,95,96,97,98,99,100
0,227.52,241.49,236.98,259.96,256.43,265.15,263.33,227.54,253.64,257.73,279.06,246.26,230.93,237.14,270.43,246.18,250.26,234.76,260.05,258.74,259.52,249.18,264.41,252.26,258.2,237.65,253.65,248.63,248.5,265.23,270.02,226.3,252.11,225.95,253.2,234.83,262.19,260.58,252.54,215.2,265.57,257.38,230.11,234.56,262.82,239.34,241.45,239.23,260.58,220.06,257.12,264.74,265.07,243.74,234.9,244.31,252.37,275.29,237.11,229.74,269.38,286.5,233.42,261.02,287.18,241.56,258.28,250.53,241.23,235.06,248.3,212.11,255.93,255.81,241.93,233.01,241.42,248.64,242.49,258.81,260.19,260.18,263.98,234.12,236.58,216.79,224.46,250.95,270.72,278.98,259.94,238.7,274.3,261.31,280.62,250.81,264.09,279.88,276.82,250.36,256.57
1,186.38,254.59,179.59,190.64,194.65,192.25,257.81,207.55,283.49,208.76,269.47,183.37,256.53,184.22,189.07,209.98,192.71,196.37,180.0,234.98,227.38,218.56,220.26,249.57,219.91,181.92,200.09,233.49,216.6,205.98,219.18,223.13,233.44,216.37,203.36,184.7,268.52,210.99,201.51,201.13,202.64,220.21,200.42,187.47,197.71,202.48,220.09,227.64,184.14,198.01,205.78,228.66,263.72,238.42,239.64,225.35,242.4,225.41,242.43,216.17,237.81,217.23,214.97,266.02,227.98,259.82,237.93,213.5,268.07,209.94,232.77,221.36,243.11,209.13,225.04,204.57,249.76,229.66,204.64,254.21,270.9,195.68,237.76,234.55,197.28,214.59,235.17,219.96,225.31,252.65,216.27,224.13,264.63,230.52,268.02,223.1,251.95,229.52,203.45,234.11,235.42
2,172.72,208.58,153.55,167.79,153.81,152.2,178.14,176.41,208.85,160.8,196.95,155.63,222.53,200.51,154.01,155.58,154.89,198.71,190.05,196.74,243.88,170.02,183.59,187.72,181.24,207.81,186.73,186.36,199.74,164.01,168.49,200.86,187.78,172.0,208.42,173.0,219.34,163.33,191.31,204.13,173.32,251.64,163.34,186.63,180.18,176.14,155.43,213.85,192.84,203.87,193.89,182.8,233.91,194.58,210.09,184.76,210.75,197.52,216.64,192.33,233.42,205.63,221.52,222.81,226.94,200.37,207.66,213.72,213.64,198.09,224.68,214.25,258.08,196.39,218.16,181.41,202.68,237.34,195.27,221.77,234.24,216.71,245.27,257.23,202.8,223.21,248.64,214.93,190.12,199.65,196.02,191.21,246.18,202.77,241.38,198.72,240.06,211.47,216.64,221.54,194.5
3,151.43,161.41,149.95,145.81,156.59,140.57,158.12,186.19,162.25,147.14,187.0,156.11,194.94,179.84,126.36,143.9,152.15,170.3,163.56,155.92,208.48,169.9,148.22,149.27,161.54,164.25,141.48,163.22,181.78,159.69,193.97,191.18,201.22,160.9,170.77,159.34,196.21,179.6,177.89,208.26,161.14,204.35,164.5,178.33,180.54,175.97,177.29,195.11,184.45,158.67,172.97,196.96,199.4,196.34,217.84,176.81,189.01,196.64,224.4,187.36,220.48,210.55,174.43,216.16,207.14,226.93,177.85,196.32,180.51,200.83,203.07,167.13,229.44,198.84,175.01,188.49,202.81,193.57,183.82,205.41,225.23,188.78,251.33,243.56,181.14,188.25,208.37,172.65,179.71,182.85,163.81,193.67,218.26,216.08,172.65,200.48,205.78,175.36,203.18,218.82,205.5
4,146.46,125.14,118.49,130.98,139.79,126.4,158.36,141.29,134.7,113.63,149.04,132.07,139.31,139.89,124.41,126.35,140.33,177.42,128.79,147.18,171.62,147.28,158.67,140.18,143.2,157.7,133.48,147.97,171.78,139.01,151.96,177.22,165.02,172.84,152.51,147.29,201.94,139.14,159.04,180.77,159.49,192.63,180.61,148.25,173.24,167.06,172.13,161.59,172.37,175.53,164.13,157.47,192.12,172.18,222.36,186.53,193.38,188.76,188.89,174.12,184.7,180.58,167.46,181.25,218.76,208.93,170.34,186.57,171.67,179.97,192.08,183.41,224.45,208.46,193.0,186.22,190.71,195.01,200.4,192.23,207.69,189.51,217.37,212.31,172.8,208.73,192.52,185.19,189.04,180.27,187.77,183.63,206.56,201.5,175.62,190.24,211.71,187.0,211.8,201.65,202.67
5,121.53,118.99,106.1,108.89,126.08,113.71,142.36,133.76,150.42,122.73,121.03,119.52,145.42,128.83,119.39,124.09,133.31,156.46,116.71,117.69,161.54,145.54,137.98,129.05,130.97,138.32,131.21,144.26,158.85,150.92,155.26,164.6,146.39,134.12,155.62,130.83,177.66,145.95,155.08,172.15,130.02,148.23,156.58,153.19,149.88,148.47,162.74,150.75,170.82,154.67,168.87,154.16,193.07,167.32,177.25,184.22,162.27,180.74,192.65,171.92,199.16,178.47,184.62,176.79,208.15,186.71,167.22,164.27,185.89,177.76,179.11,173.74,210.65,177.46,165.17,188.4,200.35,180.4,179.06,230.74,175.76,174.31,206.06,193.52,166.02,204.69,229.32,169.28,171.04,199.78,178.58,174.79,202.69,213.56,191.89,190.58,199.24,183.49,211.97,182.5,183.93
6,133.6,113.52,99.13,110.9,115.87,116.31,138.25,117.57,116.73,115.04,133.52,118.44,148.03,114.88,100.81,105.44,120.78,146.24,109.22,112.45,145.63,129.67,128.4,132.52,127.8,123.7,121.37,154.75,159.68,132.79,138.71,166.52,133.19,149.01,146.0,147.49,189.3,134.02,156.18,146.89,131.48,163.28,144.01,148.63,135.44,151.66,149.66,143.31,178.38,137.14,142.04,155.12,174.79,154.75,163.77,175.2,156.65,180.91,189.45,182.94,184.64,159.98,182.38,176.14,174.48,190.13,175.69,169.77,178.12,162.4,146.79,162.64,193.94,161.12,185.11,166.41,173.02,177.14,181.14,193.12,161.94,170.53,179.51,172.0,162.8,192.82,223.44,158.54,173.9,188.83,171.96,159.32,207.42,188.95,177.4,166.33,191.85,192.87,199.49,195.57,183.88
7,110.19,109.82,86.89,109.93,98.64,95.05,115.95,120.81,121.63,109.11,123.47,107.47,143.44,97.78,108.07,98.93,116.98,131.92,110.93,124.75,128.54,120.72,123.58,133.02,121.24,130.39,111.47,124.06,147.13,140.5,121.31,152.53,132.78,124.73,130.57,144.71,136.84,140.14,141.0,152.23,131.43,160.38,153.9,132.88,139.0,144.47,133.3,153.74,178.1,170.21,129.53,144.42,185.58,152.31,160.38,183.44,162.02,159.37,176.28,165.15,166.66,146.51,172.92,180.29,165.45,198.83,164.79,185.03,168.79,167.02,172.68,143.38,191.33,159.78,167.98,161.28,151.99,174.05,163.88,174.72,180.03,169.49,203.88,179.3,153.25,186.88,183.08,166.79,161.45,172.93,165.77,161.27,182.94,193.43,177.28,176.21,190.14,188.1,163.12,193.32,202.56
8,92.01,98.25,84.35,121.81,107.32,91.96,121.15,115.54,91.03,93.81,114.64,104.81,128.03,106.06,100.89,92.69,115.44,123.3,98.3,115.81,129.44,123.28,137.48,119.44,121.1,117.0,121.39,122.88,148.79,123.57,132.17,150.9,124.92,127.46,127.63,132.65,137.92,142.53,133.1,123.34,127.13,153.63,141.59,136.97,128.96,139.26,149.73,136.56,162.39,164.61,130.44,141.06,166.32,161.42,159.05,168.54,150.8,146.12,167.27,179.57,162.4,166.62,154.14,147.04,152.03,179.12,159.66,166.09,151.89,171.25,153.83,147.11,174.44,155.22,166.28,183.71,160.46,173.31,158.33,181.38,166.22,145.03,195.23,180.87,167.1,175.8,175.31,161.14,154.14,197.11,181.61,146.14,173.17,196.93,192.83,180.76,203.78,192.13,184.5,180.57,168.18
9,82.06,90.36,77.93,105.02,104.44,96.53,116.48,92.96,94.77,96.46,104.67,96.45,119.84,92.6,91.36,91.48,104.87,126.47,103.99,116.09,134.51,105.49,130.02,124.21,112.4,118.43,116.83,120.44,129.36,120.89,124.01,135.34,124.71,126.04,122.4,130.1,127.75,127.54,143.2,127.37,118.88,130.73,138.1,132.71,120.03,130.37,143.23,143.98,160.09,142.01,130.44,136.01,162.11,155.21,161.94,165.87,151.64,144.93,166.61,156.95,165.88,151.38,150.57,156.11,162.33,171.32,152.76,167.03,155.16,154.29,151.6,156.58,169.67,148.6,158.46,166.88,150.64,162.94,161.57,183.48,165.41,155.8,185.74,184.18,162.61,173.7,178.91,156.4,155.4,184.27,171.05,156.03,181.34,178.46,187.31,159.91,164.23,181.21,167.22,166.53,173.8
10,72.8,80.41,80.36,102.44,88.04,82.46,91.1,91.17,97.92,91.5,97.98,90.45,121.83,95.99,85.84,97.07,101.91,121.82,94.61,117.09,107.79,108.39,121.62,112.17,113.41,111.4,111.65,121.77,135.21,118.49,133.55,120.6,116.27,108.98,128.45,126.61,122.3,138.96,141.26,127.85,119.83,150.51,135.37,133.73,125.77,133.1,129.63,137.13,161.64,135.56,122.98,122.37,144.19,145.92,168.97,140.78,152.5,149.64,157.97,160.71,146.31,149.58,149.2,155.62,140.61,167.83,161.91,166.14,147.83,146.64,159.75,136.17,164.3,145.45,159.08,158.98,153.0,149.35,165.81,189.62,148.6,161.05,180.12,158.04,166.15,161.34,169.61,151.3,166.14,162.34,150.99,144.31,182.73,185.24,192.65,170.37,179.97,195.12,162.82,165.0,154.02
11,72.93,78.28,75.51,98.09,82.15,76.15,78.71,84.16,92.08,90.56,86.38,94.33,117.92,88.16,86.54,92.29,88.47,106.99,95.67,112.32,102.96,105.49,125.64,101.25,101.29,103.97,100.97,105.82,134.01,104.22,125.46,124.19,102.02,118.58,123.02,121.72,133.74,121.31,119.16,118.92,117.36,127.92,140.96,129.96,121.65,120.87,132.95,133.23,145.93,121.08,120.33,128.21,148.68,153.61,156.11,135.71,146.36,144.82,153.58,146.44,166.95,148.9,151.31,147.33,139.64,155.62,157.96,163.27,148.48,135.86,147.65,153.54,156.29,151.5,155.28,157.53,148.5,170.5,167.64,185.34,143.56,153.72,190.39,150.09,155.5,165.7,180.14,154.37,171.07,179.9,174.63,147.38,170.33,180.13,190.82,154.72,156.08,173.79,166.76,165.69,169.43
12,70.93,85.51,70.66,84.01,78.84,69.42,76.32,76.8,87.1,91.81,104.34,89.63,90.28,86.94,82.35,93.93,84.32,106.86,93.44,99.27,105.62,101.81,109.52,105.54,100.24,101.89,110.09,109.48,118.31,114.59,122.68,127.38,111.07,116.42,128.3,113.78,122.6,127.77,118.06,116.84,116.37,132.91,151.3,118.31,117.67,120.92,125.8,138.25,136.41,126.29,122.09,123.33,150.88,146.65,152.5,130.92,149.31,142.75,141.98,135.87,174.48,157.97,139.96,136.43,139.24,154.39,154.12,165.14,145.54,140.91,141.81,138.82,163.94,141.08,149.5,148.08,159.66,160.28,146.42,166.2,157.79,149.42,183.9,145.19,142.43,143.51,158.9,137.34,166.04,157.78,166.6,165.57,153.28,177.79,176.09,146.13,169.62,161.05,160.15,173.58,164.89
13,64.43,65.66,69.04,81.9,75.67,68.73,78.54,81.65,82.99,78.72,82.95,83.81,93.81,91.19,89.92,87.27,86.39,95.03,92.56,98.73,96.61,114.06,96.88,106.85,95.36,103.52,96.88,112.17,120.93,110.9,109.15,119.75,103.71,104.08,110.39,124.41,124.33,136.3,113.61,114.06,119.92,136.01,126.85,114.77,114.58,125.43,128.01,117.65,130.94,117.77,114.93,114.11,135.06,138.19,150.34,125.25,133.31,144.22,148.14,138.32,143.59,154.67,140.76,139.08,156.74,143.5,150.59,146.54,136.19,144.2,136.96,145.8,144.71,155.3,156.76,147.63,149.11,151.54,145.76,156.9,143.15,149.03,178.11,156.27,165.64,163.3,164.87,154.54,174.63,167.56,164.96,144.94,139.2,167.38,164.69,156.39,173.55,170.79,163.99,170.46,165.16
14,66.53,60.94,63.38,78.84,67.85,69.25,80.01,79.24,72.85,80.12,89.68,69.66,86.33,82.42,86.07,84.57,81.47,99.82,88.1,98.32,94.75,97.55,100.46,99.0,101.27,101.44,94.48,108.37,122.14,100.26,116.73,122.59,102.47,110.54,108.74,114.2,119.68,128.32,106.95,102.61,113.93,125.76,133.7,117.76,119.76,116.07,130.8,111.57,123.48,132.26,113.47,132.72,129.0,147.77,162.6,126.1,146.56,141.6,130.7,135.86,154.34,139.05,139.72,138.21,144.66,148.18,145.63,154.51,138.87,132.9,131.39,137.6,154.87,153.3,144.91,145.1,157.06,156.04,155.33,150.34,149.33,148.02,164.68,153.21,138.04,155.7,150.81,138.88,145.67,153.88,150.42,154.04,166.43,161.97,174.15,154.02,169.91,153.89,152.77,166.06,156.72
15,58.38,64.27,64.58,84.59,70.05,65.5,79.08,71.25,78.43,79.06,86.03,75.66,90.76,80.55,83.19,83.39,85.83,99.38,83.1,92.63,90.96,94.84,94.85,101.92,88.45,89.37,94.63,107.21,115.4,108.24,123.02,107.29,102.07,100.59,108.12,112.13,110.79,119.83,102.57,114.8,117.68,125.03,127.02,118.76,113.83,119.88,124.73,121.3,124.4,121.65,116.63,120.09,129.97,144.06,141.86,132.42,138.61,141.8,135.56,143.04,146.09,141.59,141.58,132.51,146.75,138.83,157.68,130.92,137.78,118.22,135.16,140.24,151.29,146.83,150.46,145.8,145.44,149.94,155.43,144.92,137.62,143.65,155.86,144.8,146.08,148.67,163.74,147.75,159.82,180.84,163.52,157.45,154.91,146.72,172.9,160.03,155.0,148.36,172.79,170.34,167.78
16,62.45,61.16,63.37,76.79,66.8,65.97,74.31,67.93,78.45,84.23,79.56,72.23,87.76,84.94,81.65,82.3,73.45,77.42,85.15,90.37,89.57,95.87,103.16,92.98,90.08,104.73,85.78,91.38,112.43,100.78,106.84,109.92,96.13,109.34,97.63,98.03,106.94,123.56,102.29,105.62,102.72,134.51,131.2,114.08,117.84,111.22,123.19,119.87,130.63,112.55,124.14,125.63,128.64,129.35,143.82,139.14,141.3,130.31,131.6,134.78,141.16,157.34,132.37,128.69,149.7,138.15,154.53,150.28,128.54,138.26,134.68,139.53,155.05,141.17,155.43,142.91,146.24,153.68,130.15,144.96,141.84,149.77,169.69,142.5,149.55,147.36,142.68,141.88,142.6,155.33,159.14,155.7,156.75,177.01,159.76,156.7,152.16,140.25,150.21,173.9,147.79
17,58.21,61.42,57.3,75.25,65.46,65.33,64.02,70.53,75.65,78.49,76.39,77.93,80.95,86.49,77.41,81.79,77.49,83.45,86.49,90.03,91.16,93.06,101.89,90.32,91.6,98.31,95.9,101.2,108.26,98.21,113.46,106.51,97.57,97.29,96.71,105.55,109.22,110.46,103.83,103.82,111.74,124.78,120.83,114.36,112.59,112.0,111.03,111.71,133.08,116.76,113.0,120.01,136.53,134.5,152.34,112.32,136.76,132.71,127.94,130.61,139.2,150.09,132.27,126.74,141.22,139.63,132.44,142.43,136.13,127.17,129.24,125.39,155.56,136.51,144.23,152.67,141.19,155.58,143.02,146.69,153.02,137.64,154.4,146.42,146.87,153.18,152.99,141.47,152.96,176.32,147.45,143.75,156.05,166.59,143.13,158.72,139.22,152.19,165.57,170.05,158.72
18,63.56,58.89,58.4,71.31,62.36,58.91,62.6,70.5,63.22,78.78,76.31,69.11,77.34,77.55,73.23,76.96,77.46,87.23,82.44,87.19,85.19,85.4,93.52,91.66,89.66,93.13,90.76,93.09,112.79,93.26,110.68,92.19,98.2,97.16,100.65,101.47,104.92,115.98,98.99,104.99,107.75,116.41,114.61,114.87,112.18,115.32,118.65,115.19,113.54,117.17,110.98,118.11,122.07,131.11,146.06,114.59,134.66,135.35,116.45,140.66,132.48,135.71,125.26,118.99,143.39,141.75,139.58,141.36,125.51,133.92,131.28,133.51,149.52,147.88,144.87,147.87,141.75,143.82,137.88,151.24,139.32,145.8,184.75,136.47,147.14,154.93,140.16,142.92,144.27,154.29,141.64,154.94,168.17,160.13,144.81,142.96,158.05,157.19,160.78,169.3,150.38
19,55.28,55.57,60.28,71.86,57.37,55.49,63.57,69.54,70.47,71.0,74.68,73.22,75.14,73.59,77.67,79.02,78.54,81.59,78.38,79.65,82.71,89.57,91.32,94.93,84.61,89.94,87.02,87.69,95.48,101.85,112.01,99.77,89.72,95.1,99.78,101.58,100.62,109.14,108.25,98.05,110.01,126.02,110.65,106.71,110.52,117.63,108.93,114.96,114.52,111.02,104.66,115.32,125.54,139.96,133.3,123.17,128.49,125.41,123.89,132.49,130.59,143.7,130.45,125.24,137.46,125.45,144.52,135.19,136.34,138.06,126.04,128.58,152.51,142.39,137.95,140.93,140.04,132.72,137.57,136.57,146.93,141.67,156.75,134.89,138.12,145.52,150.21,140.1,151.13,159.5,146.04,145.15,146.84,166.41,157.35,155.49,135.35,162.04,168.44,148.1,157.6
20,55.76,47.4,53.27,62.73,64.77,60.81,57.91,63.84,72.13,77.16,71.79,71.23,77.02,73.84,75.73,76.67,73.61,84.15,78.48,79.82,79.13,85.92,91.07,88.72,89.84,91.72,79.81,90.26,92.08,94.26,109.26,100.42,86.54,99.02,96.61,99.55,104.01,108.8,100.15,99.68,102.49,123.84,115.3,109.11,111.09,103.77,106.42,110.64,130.43,105.05,108.34,113.76,120.72,133.59,139.5,123.75,123.77,122.29,121.98,130.17,135.84,127.37,128.87,129.0,131.83,129.21,151.89,139.87,138.64,139.13,129.6,125.13,144.89,156.89,136.11,144.53,146.29,153.94,120.54,145.39,135.46,153.34,166.11,152.4,143.31,144.48,139.28,141.87,143.79,171.66,161.14,145.11,146.87,164.93,155.14,155.04,151.18,150.03,154.83,147.97,139.36
21,56.94,47.85,47.22,59.61,57.31,60.11,59.66,66.27,64.76,70.97,70.67,64.53,72.57,74.69,72.53,70.48,66.66,81.92,82.23,79.16,78.16,83.1,90.07,88.52,80.5,88.42,85.9,90.58,96.32,91.02,104.04,94.79,91.05,98.45,99.39,94.53,96.79,112.45,99.15,100.03,101.8,116.07,111.89,103.95,111.83,111.4,108.33,102.26,107.34,118.53,107.6,110.48,123.36,136.22,130.3,114.89,118.31,121.32,117.74,123.23,130.25,142.93,132.84,117.14,126.29,132.78,144.07,142.44,127.84,137.06,132.48,127.04,132.08,138.82,131.75,138.02,142.76,145.23,139.07,140.92,133.22,131.49,154.54,141.88,130.19,141.42,139.74,130.37,155.77,143.42,147.81,148.45,156.29,168.15,149.8,149.71,166.35,148.15,153.44,158.9,159.69
22,58.42,47.38,51.05,56.0,56.63,54.79,56.53,63.16,60.82,69.31,65.44,64.51,76.23,68.3,74.06,70.98,72.97,74.69,80.32,79.34,78.65,80.35,91.88,85.28,87.66,79.01,81.9,99.56,100.21,92.1,83.96,96.48,88.57,103.59,95.6,98.2,95.99,105.87,99.15,99.89,103.59,124.39,118.91,101.64,110.96,105.61,111.18,118.05,111.68,107.69,107.08,112.23,112.57,126.59,132.34,121.73,120.6,121.41,117.58,123.32,128.14,137.46,120.7,118.48,130.06,120.58,141.28,128.69,122.23,122.09,126.91,122.99,143.93,134.26,136.97,135.74,141.38,142.22,137.84,133.88,133.56,135.49,149.93,143.33,133.05,130.01,152.57,132.68,147.24,148.94,153.18,139.47,144.86,156.87,146.86,145.5,146.92,145.27,160.19,140.6,139.66
23,50.81,42.35,51.48,58.78,59.89,53.2,57.67,62.38,59.26,72.25,69.22,67.71,72.76,67.16,80.86,71.95,66.03,77.07,75.76,77.01,77.71,78.34,82.8,87.55,86.07,84.73,84.11,79.66,97.05,88.01,88.29,94.23,83.88,103.59,91.74,90.23,97.41,98.15,94.81,100.64,107.6,116.72,112.49,101.84,116.58,109.99,110.98,113.71,106.04,112.49,110.05,119.06,113.3,127.06,129.77,129.96,120.19,120.4,119.97,116.16,130.27,138.77,125.33,126.12,122.63,124.41,137.72,135.65,116.46,124.0,120.44,131.91,141.67,132.28,137.61,136.04,143.71,132.63,131.17,136.32,132.74,143.61,155.88,148.18,133.73,136.01,152.91,122.5,153.15,145.59,147.83,142.19,148.28,158.26,145.98,148.8,150.69,147.08,166.73,139.53,156.95
24,53.73,45.48,50.91,54.99,56.54,53.07,52.97,57.97,58.68,67.58,68.37,64.25,68.52,62.06,71.8,71.4,70.09,69.93,75.18,76.03,75.4,85.75,83.83,84.16,88.55,83.18,82.77,86.87,92.77,92.88,94.44,102.45,90.16,93.82,94.73,98.74,98.1,100.1,105.08,99.72,104.64,114.77,109.69,103.44,106.52,108.68,119.66,114.82,113.41,104.17,107.49,113.84,113.42,130.47,128.9,119.22,121.85,113.67,118.5,109.4,115.78,124.82,124.67,124.82,133.07,130.49,140.24,131.7,126.56,131.87,119.79,125.16,122.88,144.26,130.17,133.87,145.46,141.42,125.68,133.32,132.99,138.34,145.92,142.08,139.06,134.94,139.64,137.76,134.58,161.57,148.16,140.79,158.36,158.02,143.31,143.37,143.77,155.65,144.21,157.33,151.12
25,47.64,41.16,49.94,50.49,55.06,53.53,53.07,62.7,61.28,66.85,64.63,62.8,69.81,66.07,69.98,68.6,69.8,68.09,70.98,79.67,71.88,77.23,83.81,83.65,84.27,81.01,80.64,83.16,87.87,94.49,91.27,89.47,87.05,86.54,94.79,99.28,96.3,99.98,96.66,95.39,94.15,113.07,113.38,99.13,105.43,105.47,106.69,108.66,106.59,108.15,112.42,107.33,114.48,120.39,142.08,115.72,118.73,115.34,113.66,118.15,129.68,128.96,118.2,123.44,123.47,123.85,138.94,126.34,134.71,134.24,120.18,123.18,134.64,139.15,133.48,130.41,137.28,139.44,130.57,133.15,135.42,136.52,142.99,138.43,136.65,134.69,142.03,130.16,143.31,151.31,147.8,139.65,139.92,150.83,144.87,148.74,145.36,152.58,147.87,150.2,153.25
26,49.09,43.61,47.49,51.55,53.84,49.0,54.18,63.78,61.01,64.99,63.96,64.82,65.61,69.84,64.0,72.29,70.71,74.97,67.79,74.13,76.71,75.45,78.35,81.56,86.66,82.93,79.84,84.54,92.32,90.84,90.66,86.71,89.28,92.23,97.21,97.43,100.98,100.9,96.12,92.91,101.95,110.23,109.17,99.41,101.21,117.3,102.87,95.97,114.61,111.59,107.48,107.3,113.54,125.25,130.58,105.98,119.9,123.41,122.84,116.52,133.83,127.13,117.92,121.67,128.57,122.45,132.49,131.44,127.31,128.63,125.54,121.52,132.47,142.83,130.69,137.01,136.15,129.97,135.5,133.95,131.56,132.59,139.52,142.8,142.58,145.53,140.65,126.05,154.31,151.64,141.2,143.51,159.09,149.17,150.8,147.51,145.8,152.59,144.26,138.02,152.21
27,47.58,41.51,41.7,45.76,51.36,50.39,48.52,59.02,59.44,57.88,59.96,59.74,60.94,65.26,67.68,70.2,65.67,71.24,71.62,73.9,72.95,73.85,81.16,81.54,83.99,76.1,77.41,78.64,85.4,87.71,83.4,88.16,87.02,85.06,96.12,99.28,90.99,85.9,92.1,100.15,92.6,109.73,112.22,95.83,99.41,102.55,105.55,107.29,108.52,104.64,98.45,109.9,109.74,122.62,128.31,109.98,121.54,128.84,118.57,110.89,133.3,124.68,111.98,118.26,122.34,112.48,122.72,117.7,122.97,122.25,126.33,115.05,124.96,133.94,129.06,139.97,135.47,119.95,134.01,133.54,132.06,127.33,134.61,132.58,130.11,133.08,152.46,137.05,143.14,134.23,134.26,133.8,144.65,157.22,138.88,129.89,148.79,142.7,140.67,151.8,137.8
28,46.77,43.03,42.75,46.02,48.71,48.7,53.34,58.2,58.27,57.65,62.53,57.31,63.42,65.57,62.6,68.97,65.94,71.15,70.81,72.19,73.16,81.45,85.44,79.57,83.77,75.74,80.49,83.66,87.45,85.6,91.3,96.59,84.69,91.35,93.63,93.84,87.39,104.74,98.25,98.32,95.85,101.63,97.67,98.33,99.62,105.0,106.04,106.26,97.99,107.18,99.36,101.38,121.02,127.84,121.48,112.3,111.9,123.51,118.23,115.71,115.68,120.09,122.43,103.14,117.37,124.29,134.92,126.64,117.26,113.76,129.44,119.26,134.73,133.4,128.24,136.03,130.46,122.52,132.03,132.21,130.7,136.35,157.22,141.87,129.07,133.09,134.66,127.3,156.1,150.85,149.26,135.32,137.07,142.31,141.46,139.22,144.16,133.11,141.07,151.62,145.37
29,41.13,40.61,46.4,46.32,52.79,47.05,50.61,53.98,58.05,58.18,59.61,60.09,59.49,63.97,62.12,64.59,68.98,67.43,68.83,79.58,67.14,79.64,74.94,77.93,75.49,83.15,79.25,80.62,81.73,82.87,90.22,88.57,89.37,87.12,88.33,84.02,93.08,101.08,92.21,96.85,94.8,103.61,104.23,98.89,103.35,101.68,99.09,110.61,104.21,101.29,100.04,119.1,109.89,116.19,121.39,106.88,105.42,120.32,108.07,114.88,116.38,126.7,117.63,109.08,131.46,110.65,128.98,124.9,119.85,128.1,126.52,125.24,126.77,138.02,127.65,127.56,130.98,133.18,126.98,123.41,138.73,131.43,137.17,139.31,136.74,142.2,124.03,135.43,147.04,138.08,136.88,139.68,143.31,137.08,130.26,138.19,149.64,151.46,140.46,145.46,149.59
30,40.94,40.16,43.89,46.06,54.01,47.81,49.06,51.78,54.88,59.99,57.97,62.11,61.5,62.17,62.55,67.6,63.8,67.69,69.66,70.25,72.42,74.28,78.44,72.08,77.35,76.26,84.01,79.7,84.09,86.0,87.83,89.86,81.54,86.71,87.13,94.3,94.35,89.27,91.0,98.15,96.95,109.74,104.33,99.03,103.87,95.09,102.82,99.22,99.69,101.49,100.39,108.55,114.72,111.39,116.48,114.49,117.42,123.95,107.5,118.37,120.58,128.47,120.41,107.59,124.35,110.08,123.39,121.44,125.49,109.95,121.61,125.04,127.3,140.94,121.72,123.21,131.22,120.07,135.39,124.42,122.21,133.11,145.31,127.63,131.11,130.83,134.46,134.76,140.37,151.03,139.27,137.77,143.09,140.14,135.27,139.99,145.13,138.02,137.81,149.35,136.14
31,41.75,41.76,42.3,41.65,48.46,49.54,49.66,51.25,51.4,59.07,58.56,58.45,62.21,64.44,62.32,67.18,66.92,68.13,66.7,69.92,70.95,73.01,74.38,75.07,74.04,75.06,76.51,76.7,85.22,81.87,91.41,87.45,80.31,87.66,93.1,97.95,87.99,90.61,97.87,91.32,93.0,104.25,102.75,97.77,96.41,102.44,99.33,107.04,94.5,107.12,99.03,104.33,107.93,110.79,112.42,110.98,117.17,116.95,114.69,111.45,116.61,127.17,115.6,116.89,133.45,119.67,125.08,112.03,124.64,125.47,115.5,122.44,133.86,131.54,118.27,134.35,137.2,136.42,126.53,127.59,131.63,135.03,137.71,127.5,132.72,136.72,130.85,132.41,138.38,130.06,142.08,130.61,143.45,140.39,146.29,136.77,155.84,151.69,144.72,148.36,140.98
32,43.27,36.62,39.81,40.26,47.26,45.46,48.84,50.25,51.51,53.01,57.53,57.73,57.62,57.95,60.18,62.7,65.31,73.36,61.75,72.67,71.29,75.24,76.53,77.16,80.57,77.85,72.39,75.23,81.23,80.1,89.29,86.06,81.96,85.25,86.8,95.34,88.04,97.43,87.63,93.9,91.5,103.08,104.02,98.5,91.46,97.34,104.4,102.52,103.14,102.17,106.4,102.44,111.74,122.16,109.73,115.73,119.29,118.05,107.72,115.03,114.84,126.7,116.02,119.1,112.25,117.22,126.76,118.06,118.6,115.94,116.16,127.24,125.16,130.87,119.68,127.74,125.51,130.12,131.14,129.38,125.66,131.15,142.87,132.75,130.38,135.02,140.19,126.57,137.01,143.78,137.74,129.53,138.82,129.31,129.68,142.35,145.25,136.1,144.84,142.53,149.65
33,41.48,40.4,40.04,40.56,44.31,45.08,48.55,52.1,49.83,53.25,57.95,56.83,59.76,58.13,56.74,63.59,62.32,68.88,63.95,70.3,73.5,73.18,76.51,77.49,80.37,73.93,74.82,77.21,87.66,77.94,84.91,89.29,85.58,86.48,83.29,89.17,90.49,92.94,88.64,90.83,91.89,101.8,98.62,94.63,95.55,91.58,95.03,92.82,108.54,92.29,104.41,105.6,106.1,111.74,119.95,111.68,106.66,120.64,109.36,106.2,110.1,121.29,117.94,104.07,114.49,113.62,125.81,123.47,115.67,123.83,113.45,122.92,122.0,124.07,126.73,127.65,133.93,133.49,123.69,121.65,120.18,127.44,124.11,134.26,130.28,129.67,137.78,133.09,139.97,131.98,135.45,132.1,138.67,146.88,135.83,137.66,142.35,149.91,135.83,161.4,145.44
34,39.64,39.31,40.11,40.71,46.97,47.25,45.09,52.39,51.17,55.51,54.56,54.42,59.76,60.71,62.29,64.73,56.87,65.98,68.86,69.19,71.84,73.28,74.6,71.42,78.43,76.17,78.51,72.0,84.46,77.76,83.29,88.53,82.43,89.76,89.29,86.91,94.57,98.6,90.69,91.18,98.14,105.59,105.61,97.4,93.29,101.71,97.45,103.14,104.29,108.25,98.63,107.86,115.68,114.49,112.93,112.78,105.5,113.61,113.96,114.12,114.13,123.02,116.44,108.57,120.74,111.99,120.75,121.26,126.66,113.3,120.27,126.07,125.74,128.24,123.06,117.85,115.58,126.08,122.71,132.63,133.8,137.74,134.37,130.34,130.54,135.58,141.34,127.76,131.29,133.01,146.36,130.25,144.8,138.92,135.39,135.52,139.25,148.27,133.86,146.8,140.2
35,43.41,39.23,39.47,41.66,45.3,41.72,42.44,51.75,48.79,52.14,56.03,56.22,56.05,65.08,59.42,60.05,55.06,67.16,70.69,70.29,70.39,68.88,72.4,74.91,78.22,75.5,74.99,72.95,76.79,79.61,89.04,82.61,85.89,86.25,87.04,85.68,82.86,97.39,94.93,94.6,92.9,109.97,99.36,93.98,95.68,97.06,99.82,110.36,97.94,96.88,106.56,109.1,100.44,115.8,112.92,114.82,110.24,103.04,113.32,118.78,111.48,113.07,109.46,113.71,115.13,118.26,114.59,107.46,115.16,118.87,120.22,124.76,119.59,122.04,123.89,123.17,121.81,129.15,124.98,134.09,126.86,124.69,137.81,131.46,121.05,123.86,126.78,134.26,130.75,131.13,140.42,125.38,155.34,138.38,130.19,136.57,145.36,157.73,130.64,153.33,131.35
36,38.27,34.39,38.34,42.12,43.55,44.86,44.11,50.17,53.0,55.19,53.13,52.07,58.4,61.09,60.79,57.56,63.15,68.15,65.37,67.61,71.98,69.55,72.8,73.06,78.6,77.6,77.61,75.29,78.53,78.76,85.39,91.11,78.52,80.39,83.96,84.56,88.52,91.75,91.3,88.64,91.04,94.73,104.93,96.96,91.49,96.33,96.85,104.95,93.7,92.04,98.91,107.77,117.26,109.13,115.58,101.73,102.02,118.71,106.73,107.65,108.95,117.53,110.89,113.28,117.53,117.16,109.82,111.86,112.73,120.25,115.92,123.81,125.1,124.6,113.04,120.88,124.13,121.84,123.98,130.06,120.81,123.18,131.15,133.96,125.93,132.13,124.96,125.35,138.44,130.99,136.26,125.85,134.68,143.14,147.7,139.26,131.54,141.45,136.0,140.35,136.62
37,38.82,35.22,40.8,39.83,40.37,43.87,43.76,46.04,49.15,52.34,52.66,56.25,55.91,61.52,60.48,61.33,61.73,64.19,67.77,67.64,67.64,71.71,70.32,70.09,68.76,71.6,71.91,75.39,79.97,80.85,87.85,79.8,84.58,85.6,80.16,85.03,84.11,90.86,89.39,89.5,93.99,104.17,94.85,91.1,91.73,95.85,98.22,101.39,101.5,98.46,101.21,100.89,106.52,110.47,109.88,111.35,106.45,109.47,107.15,108.17,112.94,126.95,103.94,114.18,112.29,107.87,121.55,117.99,113.24,118.11,127.83,115.73,122.0,128.36,109.72,122.65,116.83,112.64,117.83,127.46,128.17,137.91,133.91,123.12,117.29,126.13,138.8,123.64,130.77,140.13,131.56,133.93,144.32,139.93,130.12,131.25,141.79,137.49,140.18,149.19,144.41
38,34.69,37.32,39.0,37.22,41.89,42.01,44.72,46.23,49.29,54.98,53.08,50.73,60.28,56.68,58.56,58.63,62.26,59.58,67.11,65.67,67.7,66.76,68.8,69.0,66.8,71.01,73.06,71.49,75.62,76.75,90.91,82.06,78.62,81.74,85.13,88.15,86.18,90.0,89.65,92.87,89.39,109.44,93.37,91.11,98.49,96.1,96.69,99.75,95.15,99.92,94.98,98.04,98.85,114.3,112.39,104.02,104.96,106.27,110.67,110.57,121.14,120.93,111.3,106.34,113.28,114.1,112.25,114.02,116.03,119.45,118.08,115.65,120.85,124.84,117.98,122.87,119.5,126.37,115.03,125.26,130.87,122.23,127.83,128.74,127.8,134.75,138.18,131.17,132.09,132.01,142.47,133.25,138.58,133.93,128.84,138.15,135.87,146.82,139.69,143.4,128.73
39,30.99,36.03,38.38,39.82,44.04,42.15,44.99,46.5,47.6,54.98,52.89,54.1,55.97,56.38,58.13,55.82,61.96,63.39,59.48,64.9,68.79,72.01,70.67,71.33,75.51,73.45,71.87,73.55,74.65,71.9,85.36,82.09,78.38,79.25,85.1,84.88,89.38,91.46,90.45,95.64,87.59,104.27,100.54,92.48,89.44,92.72,96.64,99.39,97.87,94.4,100.14,97.42,109.87,113.55,111.13,111.62,111.03,111.4,110.84,112.17,109.06,112.45,112.06,101.17,110.41,105.37,116.86,114.11,114.66,108.94,113.4,114.31,129.42,117.63,114.58,127.25,127.63,124.46,126.08,126.99,128.12,119.27,131.2,136.64,118.06,126.29,132.27,125.61,129.16,137.63,132.7,133.22,136.43,145.44,127.41,146.21,133.88,136.24,125.37,152.03,136.27
40,29.41,34.6,38.25,37.51,44.61,40.86,46.63,43.12,45.98,54.06,54.84,54.77,59.43,54.86,56.55,58.22,60.27,65.51,65.11,67.15,66.97,67.73,69.5,71.55,73.53,76.08,69.96,74.72,77.88,78.8,83.17,78.48,76.72,77.81,87.97,86.66,87.64,93.08,88.21,87.26,88.4,98.81,93.84,87.12,91.01,94.62,98.36,101.69,99.77,101.05,95.53,94.35,101.37,104.3,108.97,104.16,109.77,109.72,104.1,106.31,110.84,111.55,114.2,109.53,122.11,110.57,115.56,120.88,121.81,111.81,107.55,113.87,115.82,123.18,119.21,118.56,125.07,123.26,123.48,122.07,123.49,130.05,128.08,125.84,128.18,128.06,133.01,123.23,129.82,144.82,133.97,127.66,136.73,125.32,129.06,136.75,127.8,149.88,133.68,151.37,133.95
41,31.18,35.11,35.63,37.24,41.44,43.2,44.09,47.51,48.87,50.64,50.15,50.66,53.71,53.59,59.34,55.43,58.61,56.75,62.94,69.27,67.21,70.0,64.09,72.85,74.68,77.09,70.15,70.69,76.28,73.27,84.81,77.75,78.4,80.25,77.61,81.72,81.27,96.6,88.93,89.18,90.22,91.62,97.27,92.83,92.15,95.25,100.28,104.78,97.16,97.97,91.93,109.15,102.08,114.79,113.72,108.03,109.38,108.2,104.0,112.29,105.69,114.02,111.69,109.61,112.17,105.81,114.3,111.49,117.64,113.84,117.04,116.61,118.1,121.59,125.27,118.87,119.15,121.58,119.04,126.3,119.63,126.91,133.49,133.19,115.83,115.38,131.8,128.1,142.15,132.65,138.08,124.48,143.32,136.23,132.13,139.11,128.41,150.25,138.07,153.02,130.15
42,25.45,34.42,32.16,35.74,39.39,42.31,45.84,44.66,46.01,51.8,49.45,49.71,53.46,54.21,54.9,59.49,60.44,59.99,67.89,68.53,66.42,68.5,65.16,69.04,74.21,70.72,70.42,73.28,77.64,79.13,82.29,79.53,77.7,79.89,83.77,85.13,77.56,97.0,86.98,83.49,89.06,96.25,88.87,92.73,90.95,95.09,89.43,98.75,89.73,95.27,96.97,99.55,101.51,99.54,99.33,99.3,110.77,109.96,103.64,100.65,113.8,109.88,110.83,108.75,110.17,112.88,123.41,120.11,108.58,112.22,122.31,117.24,111.9,114.38,127.14,124.13,120.79,126.56,117.32,129.53,127.52,119.06,117.2,136.47,125.85,122.59,121.85,123.46,127.98,134.92,123.13,131.49,141.64,141.95,137.57,135.07,137.93,143.23,125.95,143.86,135.34
43,29.32,32.32,33.33,33.16,38.19,41.08,43.36,42.51,46.13,49.1,48.95,49.64,56.28,57.03,56.45,55.87,56.21,61.29,64.98,65.25,63.81,64.85,63.67,65.44,70.57,72.43,67.06,73.72,74.3,75.88,79.1,86.04,77.59,79.11,86.04,84.52,80.32,86.99,83.88,80.24,81.66,99.63,95.73,90.5,92.82,91.07,95.55,93.3,91.69,98.82,94.62,103.24,98.13,103.0,111.49,102.94,103.56,99.81,101.75,103.7,107.05,115.33,102.21,113.23,105.67,115.51,115.66,105.21,112.06,114.03,117.48,117.14,117.12,110.14,115.91,112.79,122.91,113.12,116.64,129.25,123.01,126.17,124.44,129.81,118.06,112.17,133.82,113.03,126.1,130.71,120.17,132.75,138.78,132.35,131.62,140.3,136.43,138.29,123.18,141.25,127.57
44,25.42,31.85,34.99,32.47,38.41,41.24,43.25,46.42,42.6,50.5,52.01,50.11,51.28,54.58,50.91,58.65,59.57,59.9,56.96,65.9,66.81,65.3,71.74,68.1,73.81,72.68,70.09,72.85,75.79,75.01,83.52,81.37,81.98,72.86,73.75,83.52,82.58,87.5,83.0,84.96,87.07,99.18,87.82,90.36,91.9,92.42,88.81,92.58,88.24,94.74,93.85,90.69,102.36,102.99,112.06,98.8,112.84,107.86,109.69,100.25,97.45,110.36,112.99,100.36,111.65,109.05,112.94,110.02,118.75,111.64,105.12,121.07,112.42,119.72,116.08,121.29,122.09,122.29,115.31,121.46,125.22,116.47,136.86,132.84,123.09,128.25,117.79,124.07,132.61,138.96,122.39,125.6,137.71,134.99,121.36,128.83,142.21,145.04,128.88,140.84,141.85
45,26.46,31.89,35.32,35.16,36.92,40.52,40.04,48.52,45.0,47.45,48.1,52.75,52.57,50.59,52.27,56.4,56.64,60.42,61.12,63.55,64.83,60.56,67.25,65.67,64.53,70.36,66.18,73.3,69.01,73.95,84.1,83.39,78.29,88.41,81.37,81.21,91.98,91.11,85.46,86.9,89.06,98.89,96.0,89.54,96.2,99.45,96.02,95.49,99.42,103.57,94.17,96.85,97.16,98.22,104.71,116.18,97.08,99.7,108.13,113.07,98.12,111.45,115.09,104.15,110.35,112.1,116.19,108.44,108.63,106.1,123.83,111.11,116.87,118.47,110.46,118.82,118.04,116.93,120.63,115.4,119.61,122.16,129.56,129.68,128.6,132.97,123.52,126.48,121.62,132.01,126.01,123.76,126.7,143.01,128.79,125.59,144.74,131.07,142.94,133.36,139.42
46,25.78,32.55,33.1,34.62,37.74,43.01,41.44,43.92,45.19,48.83,48.65,49.75,50.52,55.37,55.12,55.84,55.14,64.07,60.76,58.85,61.34,64.75,68.69,65.72,68.83,71.4,70.69,70.55,75.68,70.82,72.9,78.15,81.61,80.53,80.59,84.84,84.51,85.96,85.11,84.79,86.25,99.69,92.66,90.02,90.49,91.64,95.52,95.85,94.87,101.57,90.19,95.85,103.1,98.35,103.63,101.01,105.18,105.62,98.81,108.65,103.98,110.17,105.58,105.16,104.01,117.24,114.88,113.13,118.3,114.09,118.46,117.74,117.05,108.86,115.58,120.51,123.71,118.39,121.79,130.71,121.97,123.51,129.41,127.02,129.86,125.69,122.05,127.12,119.29,138.65,128.84,127.74,137.75,131.34,122.84,137.22,135.52,139.08,125.53,135.38,132.05
47,26.88,30.86,30.55,34.4,37.35,38.09,42.34,42.55,45.92,45.27,48.56,47.66,52.39,52.19,52.36,55.31,57.5,57.62,60.06,60.78,62.31,65.52,67.45,67.84,69.87,68.75,73.58,76.31,73.51,72.12,79.86,77.71,73.23,83.26,79.48,79.96,74.58,83.65,82.46,84.66,88.89,95.37,97.38,88.68,94.1,89.9,92.92,94.72,97.45,95.08,94.72,102.79,97.59,101.1,109.23,101.41,106.55,109.93,109.37,107.54,103.44,107.0,106.42,105.06,109.71,108.31,113.65,113.71,111.59,102.91,111.85,116.75,119.89,117.07,113.55,123.78,114.69,112.13,110.29,122.56,112.45,120.2,128.9,135.13,119.3,122.41,126.74,121.31,118.11,121.12,132.28,131.97,140.12,136.96,127.87,136.26,127.88,143.56,129.01,139.7,125.04
48,25.68,30.97,33.06,32.13,36.96,38.14,40.35,46.58,44.9,49.35,49.16,50.27,50.25,54.23,53.06,54.44,57.3,58.77,59.93,66.02,60.95,64.71,69.68,64.82,64.63,69.88,68.17,70.47,78.54,74.3,80.05,78.85,74.07,79.63,87.06,82.11,77.46,87.25,87.75,86.99,90.13,97.65,88.77,92.64,87.56,87.4,100.59,94.31,91.12,95.21,95.97,97.04,98.87,98.48,105.35,108.63,99.76,107.81,102.42,101.04,107.37,109.93,101.19,104.04,115.85,108.43,106.19,102.15,102.68,111.95,112.85,109.22,120.83,119.28,118.88,112.06,114.69,122.22,115.07,117.85,129.6,120.04,121.64,124.9,115.13,120.77,129.1,128.12,123.7,124.17,129.01,125.71,127.17,141.75,125.14,137.45,133.31,139.37,137.98,137.62,134.8
49,23.16,30.01,31.77,31.47,37.49,38.3,37.9,45.3,45.76,48.06,48.38,51.89,50.08,52.34,53.32,54.89,55.95,60.27,58.21,60.08,61.71,67.54,63.79,67.28,66.44,67.32,64.47,70.17,73.58,67.11,79.64,71.3,75.73,80.6,84.37,84.99,84.53,84.78,88.73,77.6,82.78,87.71,90.25,93.05,92.52,94.09,97.48,89.15,87.6,92.56,95.04,93.71,99.25,98.92,104.56,101.74,102.84,96.48,97.46,104.33,110.97,108.87,109.45,106.08,106.99,113.95,114.58,108.95,111.42,114.11,116.14,115.49,108.42,108.86,118.14,118.94,120.59,119.28,119.12,123.23,122.22,122.6,124.79,128.55,120.94,125.64,130.27,128.97,132.32,127.98,130.82,125.84,137.72,129.11,127.36,133.25,133.16,144.54,132.11,146.18,131.02
50,24.66,29.09,30.97,34.1,35.87,37.58,39.83,41.74,44.26,44.14,48.72,51.23,47.93,52.56,53.7,56.87,53.34,57.91,62.79,58.07,59.76,63.88,65.57,67.49,67.18,66.59,69.21,71.18,74.93,71.51,77.57,75.03,73.27,79.41,80.82,85.69,83.96,91.34,81.86,85.9,88.15,95.88,91.02,86.82,94.1,95.5,87.51,90.65,93.22,91.62,92.3,97.2,94.93,99.3,105.3,98.24,105.77,106.75,104.93,107.87,101.19,116.17,105.84,110.91,108.59,113.82,106.09,111.06,110.92,109.37,107.36,108.35,115.62,110.57,118.04,108.92,116.0,118.96,117.01,126.43,117.99,127.47,118.86,126.35,109.73,113.99,119.6,119.57,132.81,125.83,130.42,128.54,135.14,137.65,135.31,134.2,136.25,137.23,133.19,142.38,132.2
51,25.02,30.01,27.78,33.36,37.53,37.03,41.18,40.9,44.85,47.33,49.3,47.19,50.81,51.98,52.28,54.09,55.98,62.84,59.8,61.88,60.0,63.63,67.45,68.18,70.56,69.82,70.28,69.69,71.68,72.67,80.88,75.28,80.79,80.06,82.7,83.69,83.29,84.21,81.2,83.31,82.93,90.76,80.91,88.66,91.31,91.17,88.97,90.04,89.68,87.43,93.59,94.54,97.7,100.87,107.93,109.22,100.93,101.08,103.76,102.52,104.91,111.26,105.39,100.41,111.41,107.72,118.24,105.55,111.07,107.29,118.14,99.47,108.69,114.59,116.51,124.07,114.04,112.22,121.28,119.83,109.72,122.42,122.08,128.69,118.29,127.7,126.88,127.86,124.08,129.05,140.9,119.25,117.16,125.18,130.86,133.85,140.41,140.65,127.81,133.53,123.85
52,23.82,28.99,29.79,31.76,35.52,36.15,38.27,44.74,43.92,44.24,46.67,44.74,48.52,49.93,49.26,55.47,54.12,60.02,58.49,65.7,61.63,65.88,68.37,63.86,69.43,68.7,69.35,66.5,69.48,71.93,73.34,76.19,75.34,74.27,74.22,83.37,78.81,80.59,80.62,84.1,81.67,89.66,88.24,82.55,86.04,94.32,86.21,88.48,95.13,96.44,90.09,90.3,91.96,98.63,103.34,101.38,104.3,101.55,99.23,109.2,103.23,113.73,105.0,101.01,106.45,106.52,113.04,106.61,110.54,108.6,107.26,109.93,108.84,114.02,112.74,110.94,126.12,112.93,117.19,118.11,117.14,123.7,124.41,118.38,119.05,118.6,128.27,128.51,126.0,124.06,133.32,133.01,125.19,125.96,140.19,132.31,132.56,142.18,131.35,146.27,133.25
53,25.92,30.57,27.65,30.75,37.92,36.06,40.72,44.5,43.5,46.16,46.43,49.01,48.45,50.33,50.36,52.3,54.39,58.36,58.93,61.89,59.39,65.13,66.01,66.25,69.06,67.62,69.91,69.28,76.48,71.83,77.43,77.76,73.11,78.06,75.54,77.71,79.38,80.5,79.08,82.59,82.44,89.28,85.28,89.72,88.05,89.15,88.9,92.73,89.48,97.46,92.65,93.44,101.83,95.63,105.24,100.72,100.2,96.05,97.14,107.41,100.06,111.84,103.54,103.24,99.03,105.74,113.18,108.18,112.87,104.51,118.35,111.82,109.0,113.66,116.88,107.06,108.47,116.93,116.66,126.83,126.08,114.79,129.24,122.17,117.11,123.53,123.7,127.87,128.22,123.07,124.19,123.06,133.72,139.79,123.57,120.39,135.42,133.5,137.44,128.89,124.53
54,22.63,30.69,29.94,32.2,33.75,35.71,36.75,40.41,41.18,46.69,44.96,48.77,49.29,50.95,52.07,50.06,53.49,57.18,59.43,58.55,61.6,61.02,66.02,68.63,68.58,70.42,69.39,67.96,70.27,70.56,81.98,76.61,74.35,76.26,73.66,75.68,76.71,89.4,79.51,87.35,84.4,89.49,85.17,91.71,85.19,89.21,88.48,90.65,89.03,88.18,88.6,96.76,94.83,99.52,95.12,100.32,102.49,104.43,103.81,111.28,104.6,107.2,106.3,101.93,102.76,113.48,114.42,111.97,109.44,101.48,111.77,107.22,105.0,110.52,114.07,112.36,112.61,119.46,119.91,117.67,116.71,114.77,117.86,116.5,122.44,122.55,125.92,127.13,128.41,125.75,127.11,127.46,138.25,116.99,128.09,124.18,127.84,129.38,140.53,132.7,133.35
55,21.2,30.09,28.99,27.56,35.19,36.93,38.43,41.26,44.05,43.81,46.49,48.59,50.66,50.86,50.42,50.63,54.4,58.35,60.61,62.69,62.44,60.64,61.9,71.72,71.96,65.21,65.19,66.99,72.39,71.87,75.43,77.06,75.5,78.24,72.82,77.12,79.37,91.33,79.11,78.67,81.78,87.6,90.41,84.49,88.37,88.2,92.86,89.71,90.14,92.39,91.63,92.62,95.97,92.69,101.39,102.02,105.83,104.52,102.62,105.07,101.13,103.29,104.1,107.34,110.13,101.31,109.67,110.36,108.18,103.41,111.14,103.04,109.93,109.87,117.29,116.73,114.85,114.82,118.01,107.95,109.29,115.33,122.08,121.85,118.25,117.51,124.69,115.74,124.86,124.46,125.76,130.0,128.49,130.51,137.23,138.7,141.52,133.33,128.51,143.26,128.9
56,23.62,28.56,26.56,29.98,35.91,37.14,37.89,40.88,42.7,44.6,46.02,48.7,51.02,52.71,51.78,50.82,56.55,55.19,60.69,57.41,59.4,59.03,61.19,64.32,67.25,63.12,68.57,65.98,71.28,67.5,76.32,76.74,73.63,75.32,76.45,77.03,79.58,81.96,84.46,80.59,80.11,92.75,88.99,91.15,87.23,86.45,93.95,91.36,89.31,94.74,91.06,91.67,91.2,93.84,98.72,108.76,99.54,96.87,97.79,103.89,98.29,109.92,102.24,106.09,97.28,105.41,106.44,107.49,108.49,106.96,112.49,114.5,111.53,112.36,120.01,121.45,118.08,111.25,117.3,125.23,118.12,121.69,122.49,117.77,121.89,112.63,120.94,123.77,127.92,118.2,121.48,120.61,131.66,132.51,123.28,129.65,136.27,133.57,131.93,144.29,127.51
57,22.02,30.23,28.43,32.64,31.75,36.73,35.86,40.36,42.09,44.13,43.97,49.79,46.83,52.1,48.85,52.96,56.28,54.34,55.62,58.12,58.92,62.92,62.48,64.88,64.43,67.15,69.02,66.75,75.89,72.83,75.07,76.39,71.13,75.72,81.19,82.85,76.16,82.22,78.64,82.65,82.67,86.8,84.75,85.11,89.56,87.77,92.5,94.89,85.46,94.92,93.52,92.14,93.44,98.3,98.13,100.43,98.13,104.01,97.41,101.78,100.35,115.35,100.34,95.94,105.43,96.54,108.78,104.97,106.13,112.17,115.89,118.77,111.17,112.75,107.56,114.35,116.35,113.32,120.72,117.98,108.04,114.76,114.27,122.26,120.24,117.52,121.07,112.61,128.34,135.34,131.52,130.47,129.66,132.51,131.71,135.11,134.33,122.99,121.73,138.36,123.33
58,20.12,29.04,26.67,30.19,34.76,34.87,37.42,38.8,40.89,44.83,44.27,47.66,46.27,49.81,50.23,53.07,52.88,58.08,60.39,58.89,62.57,60.1,62.32,57.01,67.28,65.35,70.08,66.35,70.29,67.59,76.08,79.38,69.86,75.85,78.97,81.21,76.26,87.5,80.26,91.13,83.03,87.43,87.55,88.12,85.16,90.74,94.23,89.91,89.02,91.35,92.85,92.47,94.31,92.13,98.55,99.61,100.25,105.38,102.22,112.05,101.02,105.26,99.39,95.91,104.64,106.43,108.99,107.05,113.99,108.3,104.65,119.31,102.73,102.91,116.56,110.09,115.1,112.74,108.86,115.85,116.85,117.74,110.12,122.44,120.38,116.06,121.73,121.46,121.67,125.79,125.87,131.2,140.47,129.25,127.7,136.75,127.29,139.7,132.5,133.5,131.27
59,20.55,24.55,26.72,31.43,35.33,33.87,38.58,40.82,42.95,41.85,45.37,46.54,46.66,49.36,51.44,50.49,50.57,53.99,58.59,59.2,63.09,63.3,60.48,64.47,62.99,67.55,65.27,67.74,72.25,69.31,72.94,72.54,71.94,74.75,76.47,78.02,79.11,82.63,79.76,83.8,77.98,88.23,86.76,88.02,86.5,84.88,98.89,88.56,90.06,92.87,89.66,92.08,89.47,93.74,99.61,98.59,99.88,99.26,99.43,98.52,101.9,101.7,107.89,101.33,104.83,96.36,106.77,109.01,105.76,105.77,108.31,105.84,109.18,116.9,116.45,122.18,112.43,111.08,116.36,114.28,110.01,122.05,113.04,121.01,122.13,122.24,121.33,126.72,118.6,132.8,127.83,123.31,132.7,130.68,117.21,125.71,138.4,129.87,128.66,126.98,135.93
60,21.62,25.05,26.02,30.08,31.83,34.95,35.69,40.61,42.68,43.77,44.61,44.67,49.38,49.59,49.37,53.08,51.67,55.05,55.94,60.18,59.16,62.53,61.8,63.27,70.69,64.46,64.01,66.47,67.0,68.69,72.05,71.99,74.66,74.12,79.4,81.8,78.3,78.82,83.23,83.06,79.16,83.07,82.77,81.53,82.07,85.82,94.98,85.77,83.39,98.03,93.87,97.34,91.45,93.34,97.8,96.61,96.05,96.77,97.81,104.16,97.67,100.87,104.03,99.78,103.59,101.71,112.0,109.9,101.99,104.19,111.81,107.65,113.12,108.55,117.65,107.96,113.07,107.23,115.15,117.21,118.0,118.84,117.92,117.03,111.66,119.32,123.86,119.1,120.26,116.79,124.78,117.96,121.87,137.22,129.99,130.06,137.18,129.78,132.77,127.11,124.01
61,20.83,26.0,27.58,29.96,32.99,32.67,36.77,39.03,42.02,46.11,43.91,44.23,46.58,46.24,50.19,50.04,54.64,54.2,58.82,56.79,61.92,58.92,61.8,63.31,63.3,60.23,69.19,65.89,70.82,65.97,75.42,75.27,70.0,75.63,77.96,77.27,80.05,81.21,77.46,82.31,82.13,82.92,86.78,83.83,81.94,84.96,92.32,84.91,87.5,95.64,89.73,93.46,92.43,93.04,95.84,98.51,97.17,101.79,102.36,99.94,104.56,99.06,108.68,99.62,102.96,105.12,106.33,105.09,103.14,108.19,115.03,116.27,107.76,105.03,108.71,114.71,114.31,108.14,108.82,119.44,119.2,124.13,115.22,121.97,112.58,124.13,119.02,122.69,123.59,120.69,126.66,121.85,135.08,122.11,126.82,121.78,140.38,128.82,122.36,134.98,123.82
62,19.95,24.74,26.89,31.93,32.5,35.88,37.66,38.99,40.41,44.09,44.55,42.64,45.34,48.53,50.9,50.22,53.81,56.37,61.84,55.5,54.74,53.51,62.11,62.76,65.76,66.73,66.1,68.35,73.05,71.08,73.08,74.48,68.22,72.21,75.5,80.35,73.43,82.91,76.01,77.4,76.62,80.23,84.25,86.35,86.16,84.16,91.05,86.07,95.69,92.55,90.56,88.17,92.15,93.71,94.15,94.69,102.12,99.95,92.77,110.46,100.78,110.06,101.22,110.17,110.34,107.57,112.41,112.24,103.72,103.94,104.24,104.06,101.56,104.63,112.47,114.93,109.01,114.55,110.84,112.51,114.82,114.42,117.66,127.36,118.27,119.72,127.6,114.81,121.68,124.77,126.23,123.32,129.84,135.12,126.58,117.36,132.61,140.84,137.97,128.09,118.63
63,20.44,25.55,24.56,30.73,34.29,35.33,36.56,36.97,39.61,42.71,41.48,42.13,45.31,51.32,50.03,49.12,52.27,53.5,52.24,57.89,57.93,56.96,59.16,57.93,64.05,64.0,65.07,67.54,72.63,68.83,76.33,72.7,75.93,76.99,77.81,78.5,81.83,80.11,82.87,83.09,84.34,85.15,78.39,87.67,87.36,86.42,87.35,88.39,85.54,88.21,88.92,93.66,92.26,91.71,99.87,98.83,99.32,99.56,98.89,101.32,96.73,107.93,92.21,103.86,100.56,102.62,101.14,107.31,104.35,99.01,108.72,110.97,100.53,111.35,101.55,107.71,108.96,116.07,108.52,118.15,119.22,111.13,113.91,128.13,116.66,127.72,118.11,113.03,125.42,123.7,120.04,122.88,121.91,123.64,131.46,116.62,128.38,137.71,121.32,121.94,127.69
64,19.64,25.46,26.07,30.2,33.11,34.33,35.14,39.96,41.84,40.95,46.08,41.93,47.97,48.04,47.41,52.41,47.73,54.0,53.82,57.97,55.68,58.19,61.1,60.8,64.58,63.69,65.1,66.27,70.06,69.64,70.56,74.44,71.22,75.89,73.19,79.14,75.87,80.4,74.2,83.6,81.43,74.94,87.38,81.5,81.84,90.21,90.72,86.62,84.58,87.04,88.85,96.8,93.29,88.73,92.89,97.08,98.39,100.5,94.09,98.41,98.5,105.15,92.79,95.31,102.48,104.88,108.28,106.26,104.27,109.9,109.83,110.68,108.47,106.2,111.23,108.24,107.75,113.06,108.58,114.83,115.75,114.17,119.41,117.75,115.23,126.51,128.38,115.69,123.68,123.16,121.6,114.93,128.77,122.48,131.24,125.86,131.76,124.5,131.67,135.3,137.79
65,19.27,25.3,26.1,28.5,33.73,34.55,36.81,38.92,39.97,42.88,42.33,44.71,46.21,49.34,46.78,51.92,48.77,54.66,54.97,54.16,56.37,60.12,64.12,59.86,63.18,67.33,65.07,63.37,69.11,70.56,70.84,68.97,69.19,74.76,74.56,77.53,76.47,78.35,79.89,82.65,84.07,84.01,83.3,82.85,86.92,86.6,93.56,87.09,85.64,85.74,93.37,91.62,90.47,88.96,94.4,94.36,97.25,105.37,98.3,102.15,99.02,101.2,96.49,95.82,99.57,103.62,105.73,106.74,112.64,103.99,115.04,108.87,106.28,111.87,112.84,106.15,107.27,106.1,108.68,109.72,110.8,111.64,115.2,125.05,113.24,120.67,120.13,119.4,126.13,115.18,129.63,126.75,125.79,132.85,125.31,130.98,128.87,131.92,125.85,135.24,126.09
66,18.97,22.12,24.7,28.3,33.85,34.81,34.18,38.08,39.37,39.31,43.51,44.73,44.7,47.25,47.32,52.68,51.12,51.54,57.37,56.43,55.92,58.29,61.2,60.58,65.0,66.54,63.98,63.56,71.09,71.23,74.86,72.81,70.02,71.6,71.16,77.94,76.94,80.45,80.2,76.58,81.08,84.08,83.83,85.85,82.98,86.95,87.09,87.91,84.03,89.73,87.39,94.64,101.16,87.76,95.71,105.61,98.66,95.91,97.11,105.61,97.14,97.29,98.77,102.22,100.99,106.36,108.71,100.31,110.05,106.04,110.77,109.39,109.83,115.25,115.02,109.16,113.52,107.51,107.84,120.66,115.08,116.29,114.14,108.17,118.09,124.76,121.4,114.28,121.3,131.81,125.14,126.49,129.81,133.33,127.04,123.99,127.86,130.13,127.24,134.29,130.55
67,19.67,23.97,24.14,28.12,31.73,32.47,34.67,39.14,38.47,42.86,43.08,44.62,45.17,46.1,48.34,48.62,49.38,53.14,53.18,52.0,58.16,61.84,59.84,63.45,64.17,65.86,70.2,67.0,65.74,67.92,71.95,68.6,71.37,74.4,75.93,75.45,76.39,82.44,77.0,78.55,81.38,83.68,84.86,84.74,83.76,83.16,87.36,87.0,89.67,91.18,84.44,90.26,92.34,90.68,96.37,95.2,99.28,100.87,96.44,100.13,98.75,101.26,102.03,95.82,101.76,103.41,103.85,97.91,104.91,106.8,110.33,102.75,98.55,111.12,109.43,107.65,115.51,114.72,113.53,102.71,108.06,118.71,111.77,117.88,117.44,120.31,115.1,118.59,120.38,121.05,124.68,121.57,129.25,125.8,126.55,122.21,127.86,125.14,123.53,123.95,137.37
68,17.53,25.42,23.71,30.24,32.19,33.02,33.97,36.3,39.79,39.37,42.86,43.95,44.54,47.83,46.06,49.17,50.26,55.12,51.35,59.08,57.48,59.69,62.14,58.57,65.35,60.97,66.97,65.59,69.9,68.48,74.37,72.58,69.79,74.0,78.18,72.47,83.22,79.63,75.31,79.51,79.62,81.85,83.77,89.95,82.35,83.59,85.94,90.96,88.2,86.63,90.2,92.1,90.11,90.55,94.11,99.22,96.4,97.71,91.95,101.58,103.12,104.33,103.69,96.52,101.08,95.58,101.52,106.02,105.07,102.23,103.9,111.16,104.06,109.33,109.17,104.37,115.95,112.23,118.32,111.06,117.52,120.06,118.82,116.91,107.79,121.57,126.77,115.25,117.92,113.47,117.29,120.37,118.62,126.39,120.22,131.04,133.7,117.05,124.89,137.0,124.04
69,19.1,23.65,24.7,27.17,33.44,33.09,32.96,37.23,39.75,39.77,42.95,42.61,46.59,45.69,47.1,48.98,47.51,54.41,55.77,58.05,56.32,58.45,58.04,63.14,65.12,64.45,64.24,65.16,67.61,68.88,69.46,74.95,71.96,71.79,72.56,81.46,71.91,76.63,81.7,83.47,80.25,82.58,83.76,81.57,78.75,87.01,87.86,85.08,82.46,87.23,87.11,92.95,87.25,92.68,89.32,92.88,90.49,89.15,95.36,99.65,97.77,107.65,103.53,93.59,103.98,104.94,100.82,101.37,101.99,100.6,106.29,104.8,105.85,108.56,112.07,110.45,117.39,117.9,108.32,114.16,113.09,110.25,106.93,112.25,120.33,110.13,120.02,120.98,123.82,124.26,128.11,123.56,123.46,132.79,115.52,124.75,127.68,119.45,126.3,131.45,123.51
70,18.88,21.55,23.87,27.8,32.42,33.39,34.38,37.83,38.0,41.96,42.78,42.59,47.17,47.65,46.08,50.76,49.57,55.59,53.25,52.07,56.08,61.52,57.89,57.98,66.32,66.13,66.07,64.3,68.15,69.11,68.28,73.28,70.92,69.47,71.2,71.14,74.75,75.66,78.66,84.21,77.62,88.32,80.69,87.47,83.23,82.96,83.25,85.31,87.1,86.92,86.63,88.15,93.17,93.2,91.33,90.14,95.35,91.57,98.4,98.95,94.1,106.15,101.22,99.79,98.91,92.89,99.65,100.34,102.67,97.15,107.22,110.69,104.56,104.3,112.09,104.99,104.69,115.07,114.94,112.33,118.12,108.61,118.37,118.26,114.39,121.59,116.24,123.64,123.69,122.99,119.43,122.19,131.71,121.19,126.69,120.71,120.42,130.71,123.32,123.78,121.34
71,19.44,24.12,24.51,27.81,30.64,34.28,34.95,37.33,36.99,41.73,41.49,44.67,43.73,45.7,48.26,50.63,51.14,51.99,54.82,56.74,55.55,58.27,57.48,58.34,63.65,64.75,63.44,66.15,69.01,62.77,71.88,67.49,70.57,72.2,73.77,75.19,74.24,79.45,74.5,78.08,78.93,79.68,82.69,80.28,86.2,82.99,88.32,84.22,82.5,83.32,87.5,87.89,93.25,89.03,92.77,96.42,98.7,99.86,95.96,100.35,100.46,98.35,102.05,95.5,96.64,102.44,107.24,107.09,108.43,101.03,109.31,109.57,104.13,105.1,109.4,115.93,109.63,110.28,113.03,113.66,115.18,118.25,113.87,113.65,107.67,123.51,113.44,109.46,122.1,117.55,120.65,119.02,130.18,134.18,118.65,123.16,129.3,131.23,126.1,125.99,125.02
72,18.8,22.81,24.11,26.95,31.8,32.87,33.16,36.38,36.59,41.29,40.58,44.13,45.13,47.72,45.35,50.39,50.78,48.31,56.02,56.67,58.32,55.92,60.21,61.5,60.4,58.95,58.97,65.01,65.5,65.51,71.11,71.24,71.51,69.04,74.3,77.63,77.01,79.53,78.06,80.31,75.3,78.5,84.72,79.88,84.18,85.91,80.87,86.57,84.45,82.29,77.32,90.42,90.6,92.14,90.74,92.39,96.49,97.8,98.6,96.08,95.41,100.12,102.25,101.18,103.14,108.02,102.81,93.41,96.48,98.39,112.61,106.64,98.49,112.57,103.46,112.56,106.48,105.82,113.17,110.89,113.59,113.77,113.96,109.08,103.5,116.69,123.59,116.68,118.78,111.68,115.87,122.15,127.73,125.88,134.28,132.37,132.71,128.74,128.42,126.05,123.97
73,18.69,22.18,23.72,24.13,28.96,32.26,35.49,35.41,39.07,42.49,41.57,44.77,44.93,46.19,43.66,50.03,52.48,50.77,52.23,57.66,54.07,55.91,58.46,59.49,64.14,64.13,60.69,66.93,73.94,63.07,69.82,71.64,67.33,69.96,70.21,73.23,73.2,76.51,78.44,80.92,75.71,81.14,81.49,86.73,85.23,83.62,87.2,86.64,84.37,85.9,84.32,86.58,92.44,92.86,92.67,89.55,95.14,92.53,94.4,99.26,96.18,100.66,102.39,92.74,106.51,100.29,104.87,100.79,106.62,100.64,105.89,107.22,100.64,103.9,101.75,101.99,111.16,111.15,114.6,106.76,116.02,112.63,109.31,109.72,111.7,116.09,123.92,118.74,119.89,117.46,129.7,117.77,122.62,123.15,119.9,130.96,127.11,134.22,122.01,138.55,131.19
74,17.44,22.31,24.96,27.38,32.02,32.05,33.72,37.26,36.67,38.48,41.97,39.41,44.89,45.05,46.74,49.53,48.22,48.2,54.14,54.51,55.86,54.56,59.73,58.21,65.2,57.2,63.5,64.77,64.35,66.4,69.43,73.08,69.12,76.85,69.84,75.55,71.01,80.24,72.44,79.12,79.81,77.25,80.78,83.04,77.94,81.07,82.4,89.55,86.55,84.17,87.22,89.07,91.48,88.92,90.83,91.23,98.39,98.83,97.59,93.53,99.09,101.28,101.49,97.28,90.5,104.76,109.43,107.08,104.35,98.95,110.42,105.74,103.78,105.19,104.77,109.25,115.77,113.24,102.0,116.93,118.86,107.25,115.68,120.57,112.98,118.62,113.24,114.79,123.42,122.18,127.85,117.24,122.98,132.91,119.39,120.75,134.4,123.22,129.04,127.01,122.06
75,18.26,21.9,22.94,26.78,29.17,31.48,34.0,36.7,38.18,40.2,38.68,43.68,45.21,47.49,43.56,48.48,47.85,52.39,53.72,55.63,52.08,57.82,60.27,56.67,59.09,64.06,61.01,60.76,66.14,62.85,67.61,66.72,68.99,70.25,76.15,76.86,66.51,76.93,75.63,76.32,78.79,84.38,82.29,82.28,79.02,82.36,82.61,84.24,83.57,85.7,90.66,85.96,90.04,88.68,93.85,90.74,98.62,94.75,92.54,96.67,100.13,99.94,100.77,97.42,93.77,93.97,102.83,98.29,103.04,104.66,101.36,114.01,103.28,109.69,108.82,106.87,107.5,109.24,117.7,109.34,114.02,110.59,112.21,114.35,108.6,116.83,122.53,119.96,119.5,117.6,120.84,118.16,120.94,122.33,119.78,120.86,129.8,127.61,131.03,125.69,122.28
76,18.54,22.63,23.71,28.02,30.31,33.92,32.47,35.37,35.77,39.64,41.2,43.69,41.79,46.48,46.92,47.92,51.07,51.52,55.38,54.53,53.82,54.3,54.96,55.88,64.84,64.19,64.57,62.3,63.29,66.04,74.16,68.58,66.97,69.15,74.16,74.34,73.81,81.1,78.72,75.08,80.25,82.29,85.26,80.07,78.56,84.78,83.19,85.74,81.93,84.89,82.55,88.76,93.99,89.39,95.6,97.08,93.86,95.36,99.71,104.46,101.75,100.95,91.89,96.18,97.54,104.81,98.35,96.65,103.97,103.44,107.85,104.1,103.84,111.42,107.96,102.5,111.92,114.44,107.98,108.0,108.19,112.12,117.47,110.94,114.52,120.2,119.54,109.28,119.89,111.8,125.5,116.25,128.17,128.05,116.67,115.7,124.41,132.24,119.96,135.48,129.41
77,17.64,21.8,22.19,27.1,30.58,30.34,31.14,35.47,35.28,38.06,42.82,41.92,43.71,45.35,44.95,51.6,48.68,51.83,54.86,53.43,54.78,56.71,59.5,58.86,62.15,62.19,62.46,62.34,61.39,63.48,68.83,69.47,66.38,73.12,69.19,72.98,71.59,73.59,77.23,73.42,78.36,82.27,79.88,79.44,77.58,80.88,83.17,87.16,80.97,85.31,84.07,84.93,88.86,90.44,85.82,93.02,93.22,95.56,95.45,99.04,93.05,98.77,98.71,99.41,97.54,99.38,100.25,100.15,101.6,109.15,107.85,105.33,100.96,101.85,105.76,108.0,109.08,110.16,112.49,110.36,118.74,116.19,108.72,115.63,110.2,120.12,118.33,121.34,118.55,119.06,126.48,118.01,113.01,124.81,125.25,130.43,128.65,129.16,117.28,131.49,122.47
78,18.1,20.71,22.42,26.84,30.88,30.78,33.51,36.19,36.15,37.19,40.76,41.62,44.99,45.21,46.25,49.78,50.08,48.67,53.29,57.2,55.34,57.49,59.66,57.1,59.32,62.49,61.71,59.9,63.06,63.2,67.37,68.85,69.29,66.93,74.61,69.9,74.07,78.17,76.52,79.88,79.17,80.05,78.91,82.5,77.13,79.01,86.07,84.61,84.14,85.06,81.47,92.31,89.49,94.18,92.4,93.79,92.42,88.81,94.35,90.9,99.59,100.02,95.42,103.76,97.08,99.74,103.96,100.93,94.54,103.27,114.02,110.53,103.55,109.07,97.59,108.11,114.34,102.25,109.04,113.71,109.16,108.76,114.06,112.64,116.26,111.18,124.76,120.34,114.87,121.05,118.71,116.12,129.45,132.46,128.06,129.29,134.09,122.75,121.09,121.68,129.88
79,16.96,20.98,24.66,26.86,30.64,32.34,30.94,35.15,35.93,40.04,39.09,41.25,43.04,43.6,45.48,48.93,46.09,49.48,52.18,54.43,55.58,54.11,58.85,58.81,60.99,62.61,62.81,60.77,64.8,61.9,68.53,66.96,69.13,72.61,69.56,72.6,73.33,72.26,80.51,78.59,73.74,81.64,84.05,79.61,81.82,78.71,86.56,78.88,83.0,86.07,86.1,88.77,91.7,93.34,85.41,90.96,95.28,92.01,95.63,93.04,96.73,101.58,102.11,98.28,103.67,91.22,99.89,104.98,100.7,101.76,106.63,112.02,103.44,103.9,112.69,106.36,110.71,107.23,113.49,107.21,114.68,113.27,110.22,121.09,104.51,109.58,118.03,111.96,124.57,128.13,127.8,117.51,117.59,132.67,131.99,126.52,129.15,135.16,122.74,131.44,126.42
80,16.81,21.59,21.77,26.16,30.24,32.32,32.53,34.48,36.97,38.03,39.32,43.54,44.13,42.63,46.38,45.48,50.18,50.34,52.55,53.35,55.99,55.03,57.15,60.7,61.63,62.47,59.8,65.75,66.19,63.47,63.66,66.63,66.79,71.14,76.31,71.87,69.52,77.49,75.56,79.44,78.68,82.58,80.36,85.33,78.73,78.28,82.5,89.96,87.26,91.11,83.93,86.8,85.01,85.13,96.59,94.09,93.31,96.08,92.89,99.49,92.87,103.55,98.04,101.1,96.65,97.53,97.18,100.54,100.06,102.01,103.86,106.85,103.62,106.83,99.48,109.81,105.88,109.71,114.44,114.53,112.8,110.88,107.32,108.56,111.01,117.11,119.89,108.11,117.84,116.72,125.62,114.38,122.39,124.47,119.94,122.31,127.29,130.1,123.64,134.77,119.18
81,16.84,20.33,22.97,26.4,28.64,31.09,33.44,34.65,35.8,39.9,38.72,38.75,44.39,44.24,45.08,51.02,50.49,50.09,52.53,53.34,54.82,57.09,59.19,59.65,56.86,59.87,59.29,61.81,71.52,62.95,67.9,70.3,69.0,65.78,70.56,72.43,74.03,72.22,72.63,75.0,74.46,77.66,85.11,79.98,82.17,79.37,87.36,81.96,86.13,89.06,83.68,87.23,80.89,90.23,92.31,89.23,94.19,93.06,91.68,92.91,89.42,91.99,100.03,97.1,95.98,105.05,103.08,107.55,103.73,108.0,105.85,105.23,103.29,110.93,105.72,99.83,103.1,110.19,108.1,107.73,106.46,107.38,116.18,116.72,112.1,115.38,112.92,108.35,126.55,111.72,124.16,115.96,122.95,119.96,123.37,125.68,128.19,118.77,124.81,134.98,125.35
82,16.41,22.13,22.63,26.25,28.54,32.02,31.45,36.28,33.96,38.42,38.03,40.37,43.53,44.32,43.48,48.66,49.03,52.0,53.14,54.3,55.86,53.24,59.7,55.37,59.91,62.26,62.99,63.28,65.18,58.73,65.85,67.88,67.83,70.48,73.94,72.09,72.16,73.86,70.03,76.66,72.34,84.73,83.86,81.4,82.66,85.27,79.02,83.87,83.77,83.15,85.68,86.12,88.67,90.72,88.6,88.48,94.39,94.42,97.15,90.58,93.65,103.96,103.68,92.86,100.29,100.54,105.28,105.03,104.51,106.19,103.52,99.36,100.43,102.55,102.18,101.67,105.13,106.92,100.12,113.3,114.14,113.57,106.87,108.83,108.72,116.62,108.14,109.42,118.86,126.56,123.44,116.81,118.44,115.86,115.24,120.05,121.06,123.54,124.21,130.92,121.08
83,16.61,20.74,22.11,26.8,27.62,29.74,32.08,33.45,36.78,37.44,39.0,41.75,42.84,43.84,44.77,49.23,44.74,51.14,56.84,56.45,54.56,51.33,54.74,59.59,57.38,65.31,60.99,60.14,64.34,66.1,67.21,65.41,66.29,72.66,65.93,74.39,72.89,70.32,74.84,71.33,73.43,83.93,83.08,77.58,84.41,79.92,79.9,86.42,87.71,82.92,79.82,86.6,94.29,88.45,87.59,93.65,93.47,93.57,93.88,94.43,98.29,97.45,97.7,96.42,105.6,96.62,95.69,101.69,101.32,102.99,104.68,99.05,98.18,109.61,101.68,110.6,106.95,105.51,115.18,106.92,108.62,108.56,109.52,115.04,111.33,108.59,118.2,117.14,120.9,112.54,121.81,113.77,116.42,118.37,122.81,122.73,125.67,121.88,128.37,130.11,129.64
84,15.5,20.89,23.19,26.56,26.97,30.35,30.54,34.31,37.04,37.41,39.53,38.22,44.77,40.3,45.81,49.31,50.44,50.01,51.44,52.94,55.9,54.12,55.71,54.74,60.52,63.59,64.98,63.06,66.5,64.47,69.88,65.18,69.61,68.39,71.85,76.64,72.78,71.46,74.07,73.65,77.52,76.62,79.33,83.06,76.99,82.36,76.62,89.11,83.91,78.22,84.17,89.01,84.96,89.72,86.99,91.7,91.77,90.9,93.24,86.35,94.32,95.41,97.79,95.09,99.18,102.32,98.36,100.39,99.33,106.08,103.04,101.75,105.42,107.48,103.76,107.52,101.5,107.97,113.65,108.42,104.06,114.11,107.4,113.36,116.67,115.93,112.25,119.28,118.84,116.49,131.45,125.72,129.34,122.28,119.07,116.39,124.25,124.68,122.21,130.35,124.02
85,16.46,21.59,21.8,26.09,27.86,30.99,31.71,33.9,35.83,40.83,40.25,39.32,40.18,43.94,44.9,48.98,47.26,49.93,54.31,52.01,51.39,54.15,55.81,54.53,58.97,63.45,58.91,63.99,70.16,61.68,69.23,65.56,70.24,65.84,69.39,70.93,72.67,78.36,74.18,73.93,70.09,80.21,80.56,84.71,78.66,80.24,82.35,84.36,80.83,82.44,80.16,88.64,90.65,88.8,89.55,90.77,88.16,92.07,89.38,96.56,92.34,96.66,97.66,95.95,100.84,100.77,97.13,96.69,105.57,98.87,103.24,101.19,104.17,106.52,104.59,106.38,105.18,107.24,116.96,103.48,111.05,110.59,113.09,117.43,110.29,115.53,119.09,115.2,121.02,115.06,123.63,115.04,120.09,119.75,116.01,123.87,125.14,118.58,120.02,129.08,116.98
86,15.07,20.83,22.69,26.56,26.39,29.95,30.99,34.26,35.6,37.9,41.21,40.35,41.87,41.43,42.89,47.72,45.62,53.94,51.9,52.63,51.81,52.38,54.28,59.45,60.34,58.44,56.66,63.15,67.73,63.81,66.67,65.68,68.9,70.08,71.67,75.45,71.6,76.75,73.25,74.03,73.23,77.22,79.87,81.48,77.43,81.5,80.48,79.88,88.39,89.5,82.17,88.56,90.14,92.07,90.4,93.23,91.07,89.7,96.08,97.06,92.64,96.95,100.42,98.03,98.12,94.85,95.36,98.12,93.69,102.36,104.25,100.2,99.76,99.88,103.33,100.8,104.58,105.44,110.31,116.42,106.22,108.98,110.78,110.29,110.4,109.42,116.64,116.13,120.49,120.97,112.1,109.14,117.48,120.24,123.38,119.91,117.45,131.51,121.11,122.29,125.49
87,15.06,21.31,22.61,27.19,28.48,30.36,31.78,33.32,34.87,37.77,38.99,39.92,43.89,42.42,42.26,46.93,49.29,49.92,50.95,50.66,52.54,51.15,56.42,55.34,58.79,61.43,58.99,62.52,62.0,62.03,63.78,69.54,63.61,68.45,69.99,71.62,68.35,72.8,71.94,76.2,75.42,75.13,77.87,80.91,80.65,80.8,81.52,78.63,83.55,83.07,84.75,80.47,92.83,87.38,87.65,95.08,91.94,91.13,89.15,89.34,101.66,98.31,95.33,98.31,99.71,90.71,97.21,100.91,100.69,98.51,103.38,105.12,103.99,106.4,96.94,99.63,102.09,105.95,106.52,109.2,113.33,113.85,112.28,117.96,110.28,120.05,112.34,118.34,117.9,101.84,117.12,115.98,118.78,121.3,119.84,115.91,130.62,125.59,124.98,132.33,127.13
88,16.95,19.2,21.84,25.73,25.6,29.81,31.26,32.31,35.55,38.8,39.63,38.75,43.13,43.34,44.22,48.38,46.5,49.79,47.82,53.32,52.49,57.54,53.9,55.69,57.73,60.24,54.33,63.71,65.09,64.2,67.22,64.72,65.23,70.48,66.43,71.25,74.45,74.17,75.39,71.74,72.19,77.89,82.78,83.59,78.31,79.46,80.86,82.22,79.79,84.25,80.7,89.22,88.57,83.7,88.8,93.91,88.49,88.84,89.67,94.64,95.87,92.09,94.47,91.23,100.51,98.49,101.39,99.6,102.99,106.57,105.49,106.44,97.84,102.28,103.37,98.46,111.32,109.2,105.63,111.14,106.48,109.9,113.82,114.85,107.96,110.3,110.21,117.17,118.41,101.75,114.1,115.08,124.51,121.42,114.26,120.33,129.26,126.98,129.34,115.28,120.4
89,15.99,19.36,21.4,23.66,28.47,32.41,33.48,34.79,35.21,36.46,38.15,39.75,44.91,43.99,44.23,45.47,46.54,47.42,50.9,51.2,52.62,52.76,60.36,54.38,56.58,61.01,58.5,59.71,66.72,62.36,66.14,64.98,69.1,69.29,69.69,70.78,69.12,74.24,71.95,76.99,72.44,79.43,81.9,81.49,81.52,80.78,79.25,85.51,84.33,78.05,83.07,88.13,88.49,92.93,87.73,83.57,90.49,94.91,96.03,93.98,92.26,102.8,97.05,98.39,95.67,101.34,99.75,100.47,103.1,100.35,111.34,100.22,96.39,106.13,109.36,106.65,108.9,104.51,106.31,105.63,104.04,96.1,117.82,114.48,113.14,113.64,113.97,120.58,115.46,115.05,118.51,113.98,116.09,128.6,117.84,123.01,132.19,127.64,128.33,127.45,120.66
90,15.03,20.58,21.29,24.79,27.41,30.08,32.36,35.56,36.26,36.78,37.47,39.02,43.09,44.22,44.53,45.94,49.07,47.6,50.57,53.43,51.72,56.28,56.13,55.83,58.31,59.66,58.07,60.0,64.49,63.27,65.15,69.17,67.5,68.34,68.96,69.98,70.83,72.07,78.23,76.81,78.15,77.35,78.24,78.71,77.73,78.55,82.86,83.08,81.91,81.78,80.46,91.54,88.72,88.97,84.89,85.29,85.75,90.49,95.58,89.39,99.14,98.5,96.73,91.55,96.62,91.35,98.5,97.73,101.43,101.04,99.12,98.92,101.35,107.64,109.91,100.45,108.77,103.56,101.05,108.28,110.47,110.28,122.53,110.37,109.18,118.7,112.95,117.63,114.75,120.8,119.72,111.73,120.61,124.11,121.05,115.21,121.05,118.07,120.6,133.44,117.85
91,15.06,19.14,22.23,25.37,26.96,30.02,31.56,32.71,37.15,37.11,38.25,38.46,41.45,43.78,43.68,47.52,47.24,48.89,49.13,54.68,51.44,51.53,57.58,56.23,54.57,61.25,60.39,63.89,63.7,61.73,64.38,64.15,61.48,66.03,69.7,74.89,71.05,73.13,78.99,72.54,73.73,77.15,81.21,78.97,82.73,78.56,82.76,88.21,84.14,80.0,82.01,86.61,90.17,88.06,89.3,87.43,88.61,87.5,95.67,95.29,95.17,94.65,97.08,97.38,97.15,94.31,105.21,103.4,101.57,93.71,109.33,99.72,107.41,105.08,102.78,102.91,105.44,104.25,112.58,107.95,102.35,111.8,108.83,114.59,105.65,111.94,113.89,114.66,115.78,121.34,109.15,112.29,115.18,125.67,121.24,124.12,120.75,134.29,129.0,118.69,116.08
92,14.45,19.42,21.27,22.91,27.6,28.65,30.12,32.05,35.85,37.43,39.82,37.82,41.51,45.24,41.83,47.47,51.32,50.06,49.68,52.97,55.98,54.22,56.9,57.17,56.5,63.7,59.24,59.22,61.14,63.38,70.54,68.94,66.61,65.07,68.56,70.8,69.97,74.5,74.89,76.46,72.46,75.53,76.93,78.17,84.04,76.79,86.54,86.75,85.68,86.17,84.73,86.51,94.33,85.88,88.16,91.95,90.89,86.76,89.21,91.12,95.35,94.74,98.19,89.09,96.44,101.08,100.06,96.32,105.5,95.53,101.16,98.42,102.9,101.69,102.91,107.22,100.64,112.05,106.26,109.3,106.66,109.36,103.58,114.0,114.03,110.49,110.76,118.42,114.82,120.52,125.55,117.66,112.06,124.13,123.2,115.47,121.96,122.79,120.46,133.44,119.94
93,15.44,19.75,22.02,24.15,26.04,28.87,31.17,32.28,34.48,36.95,38.84,39.51,40.15,42.29,42.9,46.5,49.35,49.27,50.68,53.36,52.51,55.62,54.77,58.03,58.07,59.07,56.97,61.66,63.74,60.08,67.43,68.36,66.24,70.23,71.57,72.47,70.02,74.93,73.48,70.67,70.68,75.52,79.04,75.34,78.18,79.07,83.24,82.76,85.48,88.77,81.74,79.57,91.04,86.18,80.03,87.59,95.52,84.33,95.08,93.84,88.25,101.63,99.5,96.4,101.04,96.81,103.54,91.05,99.51,99.92,105.21,103.08,102.53,105.9,108.28,108.59,109.52,100.56,98.96,108.34,111.82,107.2,108.7,109.52,105.24,107.55,116.63,110.7,112.63,118.82,114.42,111.03,118.23,117.68,120.07,119.36,122.33,128.31,121.05,128.15,113.1
94,15.38,18.57,21.24,23.81,26.68,29.99,29.87,33.43,33.89,35.49,37.3,41.08,40.86,42.68,43.25,44.63,46.62,48.68,50.91,47.12,54.65,56.22,53.96,58.83,57.59,63.76,60.85,63.91,61.7,62.94,65.35,67.11,64.01,66.96,68.11,69.15,73.58,77.73,72.91,72.94,71.33,76.55,81.48,74.44,80.1,80.71,81.92,82.73,84.67,83.28,86.15,87.39,89.61,87.07,86.76,87.73,90.0,89.71,90.86,91.62,95.17,98.17,92.75,93.36,96.69,90.35,91.07,106.93,93.84,102.32,95.66,93.83,97.13,99.19,107.28,107.94,105.97,105.99,103.06,111.38,110.99,112.26,120.74,115.22,108.64,112.95,114.49,118.19,117.69,115.76,120.27,115.95,120.75,117.18,116.42,122.08,124.89,119.59,115.36,127.2,121.89
95,15.65,18.41,20.43,24.51,27.38,28.52,30.52,31.25,33.19,36.69,39.35,38.65,42.06,43.5,43.69,46.2,47.21,49.7,50.37,48.0,54.34,55.03,54.18,58.13,58.18,59.67,56.97,59.02,66.79,58.6,67.08,63.93,63.01,65.89,68.52,71.23,70.49,71.85,74.49,71.83,70.68,82.84,80.32,74.79,80.17,79.32,86.63,78.7,84.01,84.97,81.54,87.17,91.23,81.3,91.78,86.61,92.02,93.62,90.3,91.39,92.71,95.43,94.62,96.63,98.44,92.54,101.68,102.37,99.12,102.54,107.84,102.53,106.73,107.91,101.76,106.99,109.02,107.28,107.28,104.65,104.98,105.12,113.54,111.61,108.05,101.29,113.47,112.32,110.36,108.67,117.27,118.26,129.27,120.78,124.34,118.14,115.56,124.39,130.71,117.58,123.57
96,16.12,19.44,21.01,24.23,26.69,28.3,29.22,33.65,35.67,36.85,37.64,38.2,40.26,41.55,43.77,46.13,43.48,48.91,51.15,49.13,52.43,55.11,55.38,58.8,56.03,59.26,57.1,62.0,62.87,60.41,65.88,65.01,63.86,69.79,68.03,67.26,65.64,77.3,75.31,69.3,77.67,73.9,81.6,75.25,76.03,79.43,86.49,85.94,84.89,79.39,80.98,88.52,86.27,84.94,83.81,87.78,89.91,86.89,89.65,94.43,91.56,94.44,90.88,96.3,101.6,93.76,93.08,98.26,98.68,99.84,102.73,103.41,98.75,107.99,106.74,98.65,104.87,101.27,104.47,103.69,104.6,105.09,109.48,107.08,110.11,108.31,104.4,115.73,114.01,123.36,115.9,115.63,122.41,114.76,110.47,119.36,130.17,122.66,118.85,127.92,126.75
97,15.77,18.01,21.2,23.16,26.79,28.54,29.75,32.5,35.31,35.29,37.82,40.29,38.52,43.92,45.88,45.03,44.87,48.21,48.58,48.7,49.04,55.46,56.38,52.2,57.74,58.16,57.31,61.36,66.08,63.17,64.0,67.77,63.58,66.68,71.1,66.19,72.37,68.2,74.49,71.86,73.04,75.96,75.15,76.3,79.73,78.96,81.91,83.06,81.53,85.77,81.16,86.46,87.95,80.71,88.52,88.2,87.58,86.31,91.45,93.09,93.16,95.38,97.18,89.3,99.9,97.37,91.46,97.35,95.32,101.37,104.41,108.27,94.42,100.83,98.56,109.2,102.87,99.31,109.93,101.59,106.77,112.84,110.77,107.54,115.64,115.52,113.69,116.8,114.74,114.52,120.13,123.47,116.73,118.22,127.4,121.65,117.88,126.3,115.69,125.79,128.58
98,13.87,19.31,21.47,23.86,27.38,29.14,29.48,33.27,35.41,38.32,38.13,37.35,42.48,42.27,42.7,44.84,46.68,50.4,49.24,53.65,51.92,52.66,55.61,56.43,58.2,54.22,59.18,62.82,62.27,58.55,66.0,67.01,68.46,67.97,63.56,70.98,72.14,71.58,75.16,73.93,73.75,77.24,78.07,72.23,79.48,79.29,81.87,83.11,87.97,79.23,83.08,87.59,88.24,89.73,85.91,91.93,93.02,88.94,94.46,89.09,94.01,93.77,97.13,94.34,93.67,93.74,93.53,99.67,104.52,97.72,101.75,108.62,103.8,96.13,107.11,99.46,102.02,109.1,107.61,109.72,103.72,105.18,105.16,110.55,116.91,102.62,112.7,111.54,120.33,117.46,120.88,118.78,119.43,120.29,116.51,115.34,122.79,121.1,118.15,130.31,122.79
99,14.69,18.32,22.1,23.2,25.25,27.7,29.63,31.94,32.9,34.92,36.34,38.85,41.71,41.52,41.63,45.11,46.35,46.78,53.14,50.87,51.06,51.76,55.21,55.0,55.83,56.84,57.45,57.07,61.03,59.7,64.6,65.11,66.0,67.28,67.52,70.31,70.2,73.51,74.44,71.87,72.51,75.71,79.06,77.83,76.64,81.07,80.29,82.17,82.76,81.1,83.25,83.25,88.06,83.42,91.09,85.14,87.2,91.83,92.41,91.45,92.06,98.07,97.36,88.53,98.02,94.44,100.26,99.2,94.53,95.84,101.05,103.08,100.68,102.29,102.09,96.54,108.36,105.01,106.03,111.25,100.07,114.22,109.23,110.57,115.57,102.19,114.56,110.01,110.78,113.58,126.58,112.39,123.78,120.92,125.31,114.99,121.91,122.49,117.48,121.6,124.75
100,14.43,18.25,20.88,24.28,25.0,28.36,29.58,30.49,32.37,36.98,37.18,37.52,39.62,42.21,42.66,45.28,46.38,45.11,48.98,51.37,50.91,53.58,52.87,56.88,56.41,57.47,58.45,61.44,61.38,57.16,60.58,67.02,66.98,65.58,67.47,69.04,69.1,70.14,76.01,71.94,67.74,78.08,76.61,78.38,77.79,79.25,78.07,85.73,84.76,84.41,79.86,86.2,82.71,80.74,86.37,85.94,82.88,86.49,88.98,87.47,97.5,91.89,95.15,97.5,98.38,96.5,93.2,99.29,96.88,94.06,104.69,97.21,96.97,104.25,104.77,98.59,107.02,108.45,107.2,97.77,110.83,112.07,101.96,111.21,103.05,115.57,112.87,113.96,116.64,111.05,119.33,117.69,123.82,118.72,113.82,120.02,125.61,117.37,117.33,122.64,126.66
